Headline,Author,Source,Published Date,News Url
"Semaglutide May Reverse Damage Caused by Osteoarthritis, Study Suggests - ScienceAlert",ScienceAlert Staff,ScienceAlert,2026-03-02 02:28 AM,https://www.sciencealert.com/semaglutide-may-reverse-damage-caused-by-osteoarthritis-study-suggests
Why heart disease and stroke are expected to rise significantly among younger women - AOL.com,Barbara Mantel,AOL,2026-03-01 10:32 PM,https://www.aol.com/articles/why-heart-disease-stroke-expected-104938402.html
Intimate Ritual of Sharing a Bottle of Wine Is Fading - Newser,John Johnson,Newser,2026-03-01 10:10 PM,https://www.newser.com/story/384271/intimate-ritual-of-sharing-a-bottle-of-wine-is-fading.html
"Is Sparkling Water The New ""Brain Fuel"" for Gamers? - Neuroscience News",Neuroscience News,Neurosciencenews.com,2026-03-01 09:18 PM,https://neurosciencenews.com/sparkling-water-esports-focus-30220/
Why We Repeat Decisions That No Longer Make Sense - Neuroscience News,Neuroscience News,Neurosciencenews.com,2026-03-01 07:55 PM,https://neurosciencenews.com/habit-repetition-decision-making-30218/
A 20-year-old woman had waves of stomach pain for months. She was eventually diagnosed with stage 2 colon cancer. - Business Insider,Julia Pugachevsky,Business Insider,2026-03-01 06:56 PM,https://www.businessinsider.com/20-year-old-stomach-pain-diagnosed-colon-cancer-recovery-2026-3
"Bacteria Play Previously Unknown Role in Kidney Stones, Study Finds - ScienceAlert",Russell McLendon,ScienceAlert,2026-03-01 06:02 PM,https://www.sciencealert.com/bacteria-play-previously-unknown-role-in-kidney-stones-study-finds
Bay Area health officials warn of measles exposure at Panda Express - SFGATE,Katie Dowd,SFGate,2026-03-01 04:51 PM,https://www.sfgate.com/bayarea/article/bay-area-measles-exposure-21948900.php
A New Study Links Living Near Nuclear Plants to Higher Cancer Death Rates - Gizmodo,Bruce Gil,Gizmodo.com,2026-03-01 04:35 PM,https://gizmodo.com/a-new-study-links-living-near-nuclear-plants-to-higher-cancer-death-rates-2000727948
"HPV-related throat cancers are rising in men, Louisiana doctors say. Here's what to know. - NOLA.com",Margaret DeLaney,NOLA.com,2026-03-01 04:00 PM,https://www.nola.com/entertainment_life/louisiana_health/hpv-related-throat-cancers-on-the-rise-louisiana-doctors-say/article_4745ac22-76d3-4372-b19f-9849a7389276.html
Beyond amyloid plaques: AI reveals hidden chemical changes across the Alzheimer’s brain - ScienceDaily,,Science Daily,2026-03-01 03:20 PM,https://www.sciencedaily.com/releases/2026/02/260228093505.htm
Don’t Ignore These 6 Surprising Signs of Vitamin B12 Deficiency - EatingWell,https://www.facebook.com/EatingWell/,Eatingwell.com,2026-03-01 03:00 PM,https://www.eatingwell.com/signs-vitamin-b12-deficiency-11909018
Vegetarian foods that have more protein than fish: Experts reveal 6 foods and why they might be a healthier option - The Times of India,Aadya Jha,The Times of India,2026-03-01 02:32 PM,https://timesofindia.indiatimes.com/health/vegetarian-foods-that-have-more-protein-than-fish-experts-reveal-6-foods-and-why-they-might-be-a-healthier-option/photostory/128908945.cms
New iron nanomaterial wipes out cancer cells without harming healthy tissue - ScienceDaily,,Science Daily,2026-03-01 02:11 PM,https://www.sciencedaily.com/releases/2026/02/260228093456.htm
15 Heart-Healthy Foods a Mayo Clinic Nutrition Expert Swears By - marthastewart.com,https://www.facebook.com/marthastewart/,Martha Stewart,2026-03-01 02:00 PM,https://www.marthastewart.com/best-foods-for-heart-health-11907288
Trying to Eat More Fiber? Add This Ingredient to Your Morning Eggs - EatingWell,https://www.facebook.com/EatingWell/,Eatingwell.com,2026-03-01 02:00 PM,https://www.eatingwell.com/high-fiber-upgrade-for-scrambled-eggs-11909010
Nanoparticle system shows promise for delivering mRNA to prevent type 1 diabetes - Phys.org,University of Chicago Medical Center,Phys.Org,2026-03-01 01:00 PM,https://phys.org/news/2026-02-nanoparticle-mrna-diabetes.html
New Toothpaste Stops Gum Disease Without Harming Healthy Bacteria - SciTechDaily,,SciTechDaily,2026-03-01 12:57 PM,https://scitechdaily.com/new-toothpaste-stops-gum-disease-without-harming-healthy-bacteria/
Scientists Uncover Hidden Weakness in Cancer Cells Tied to Vitamin B7 - SciTechDaily,,SciTechDaily,2026-03-01 12:22 PM,https://scitechdaily.com/scientists-uncover-hidden-weakness-in-cancer-cells-tied-to-vitamin-b7/
"Air Pollution Is Wreaking Havoc on Ants, And The Effects Are Alarming - ScienceAlert",Jess Cockerill,ScienceAlert,2026-03-01 12:02 PM,https://www.sciencealert.com/air-pollution-is-wreaking-havoc-on-ants-and-the-effects-are-alarming
Groundbreaking Trial Reveals Unexpected Benefit of Metformin in Type 1 Diabetes - SciTechDaily,,SciTechDaily,2026-03-01 11:47 AM,https://scitechdaily.com/groundbreaking-trial-reveals-unexpected-benefit-of-metformin-in-type-1-diabetes/
"Psychology study shows how a ""fixed mindset"" helps socially anxious people - PsyPost",Eric W. Dolan,PsyPost,2026-03-01 11:08 AM,https://www.psypost.org/psychology-study-shows-how-a-fixed-mindset-helps-socially-anxious-people/
Measles outbreaks are costing the U.S. millions of dollars. The true losses can't be counted. - NBC News,Erika Edwards,NBC News,2026-03-01 11:00 AM,https://www.nbcnews.com/health/kids-health/measles-cost-vaccine-rates-decline-billion-year-forecast-rcna260734
Diabetologist with 24 years of experience shares 5 food mistakes that are silently increasing your heart attack risk | Health - Hindustan Times,Eshana Saha,Hindustan Times,2026-03-01 08:05 AM,https://www.hindustantimes.com/lifestyle/health/diabetologist-with-24-years-of-experience-shares-5-food-mistakes-that-are-silently-increasing-your-heart-attack-risk-101772351001760.html
What happens to a woman’s body when her house is messy! US researchers reveal shocking link - The Times of India,TOI Lifestyle Desk,The Times of India,2026-03-01 07:42 AM,https://timesofindia.indiatimes.com/life-style/home-garden/what-happens-to-a-womans-body-when-her-house-is-messy-us-researchers-reveal-shocking-link/articleshow/128909060.cms
"The #1 Fruit to Help You Poop, According to Dietitians - EatingWell",https://www.facebook.com/EatingWell/,Eatingwell.com,2026-03-01 05:00 AM,https://www.eatingwell.com/best-fruit-to-help-you-poop-11914705
Did you know what happens if you sleep for ‘6 hours per night for 2 weeks'? Hyderabad neurologist explains | Health - Hindustan Times,Debapriya Bhattacharya,Hindustan Times,2026-03-01 04:56 AM,https://www.hindustantimes.com/lifestyle/health/did-you-know-what-happens-if-you-sleep-for-6-hours-per-night-for-2-weeks-hyderabad-neurologist-explains-101772340096093.html
Cardiologist with 20 years of experience reveals 'fastest natural way to lower blood pressure takes less than 2 minutes' | Health - Hindustan Times,Sanya Panwar,Hindustan Times,2026-03-01 02:31 AM,https://www.hindustantimes.com/lifestyle/health/cardiologist-with-20-years-of-experience-reveals-fastest-natural-way-to-lower-blood-pressure-takes-less-than-2-minutes-101772331681172.html
"All about TCM’s ‘miracle pill’ Angong Niuhuang Wan, and when not to take it - South China Morning Post",,Post Magazine,2026-02-28 11:15 PM,https://www.scmp.com/lifestyle/health-wellness/article/3344680/how-tcms-miracle-pill-used-treat-strokes-experts-urge-caution
Why Your Brain Gets Sharper After Adolescence - Neuroscience News,Neuroscience News,Neurosciencenews.com,2026-02-28 10:08 PM,https://neurosciencenews.com/adult-brain-sensory-remodeling-30214/
"Simple 7-Day Spring Meal Plan for Better Blood Sugar, Created by a Dietitian - EatingWell",https://www.facebook.com/EatingWell/,Eatingwell.com,2026-02-28 10:00 PM,https://www.eatingwell.com/7-day-spring-meal-plan-for-better-blood-sugar-11910005
"Giant Study Reveals The Secret to Heart Health, And It's Not Low-Carb or Low-Fat - ScienceAlert",Carly Cassella,ScienceAlert,2026-02-28 09:02 PM,https://www.sciencealert.com/giant-study-reveals-the-secret-to-heart-health-and-its-not-low-carb-or-low-fat
Hospitals fighting measles confront a challenge: Few doctors have seen it before - Daily Kos,,Dailykos.com,2026-02-28 07:07 PM,https://www.dailykos.com/stories/2026/2/28/2370784/-Hospitals-fighting-measles-confront-a-challenge-Few-doctors-have-seen-it-before
"What Eating a Banana Every Day Does to Your Body, According to Nutrition Experts - marthastewart.com",https://www.facebook.com/marthastewart/,Martha Stewart,2026-02-28 07:00 PM,https://www.marthastewart.com/what-happens-when-you-eat-bananas-every-day-11908908
Why HPV Vaccine for Young Adolescent Girls? - Gulte,Kumar,Gulte,2026-02-28 06:56 PM,https://www.gulte.com/news/398265/why-hpv-vaccine-for-young-adolescent-girls
"In puzzling outbreak, officials look to cold beer, gross ice, and ChatGPT - Ars Technica",Beth Mole,Ars Technica,2026-02-28 06:17 PM,https://arstechnica.com/health/2026/02/did-chatgpt-help-health-officials-solve-a-weird-outbreak-maybe/
15 Best No-Added-Sugar Snack Recipes for Better Blood Sugar - EatingWell,https://www.facebook.com/EatingWell/,Eatingwell.com,2026-02-28 06:00 PM,https://www.eatingwell.com/best-no-added-sugar-diabetes-friendly-snacks-11908610
Doctor explains risks of the ‘single worst thing you can do to your body’ - LADbible,Joshua Nair,LADbible,2026-02-28 05:51 PM,https://www.ladbible.com/news/health/smoking-worst-habit-body-effects-health-288816-20260228
Neuroscientists Say These Sounds Lower Cortisol — Here's A Free Tool That Taps Into Your Brain's Stress Response - BuzzFeed,Jonah Peretti,Buzzfeed,2026-02-28 05:39 PM,https://www.buzzfeed.com/jonah/stress-relief-sounds
"7-Day No-Sugar Diabetes-Friendly Meal Plan for Beginners, Created by a Dietitian - EatingWell",https://www.facebook.com/EatingWell/,Eatingwell.com,2026-02-28 05:00 PM,https://www.eatingwell.com/7-day-no-sugar-diabetes-friendly-meal-plan-beginners-11908633
Neuroscience Says You Can Alter Your Brain to Improve Cognition - inc.com,Fast Company,Inc.,2026-02-28 04:39 PM,https://www.inc.com/fast-company-2/neuroscience-brain-structure-improve-cognition-popular-hobby/91310163
Lab-Grown Brains Growing More Powerful - Futurism,Joe Wilkins,Futurism,2026-02-28 04:15 PM,http://futurism.com/health-medicine/lab-grown-brain-organoid
What Happens to Your Blood Pressure and Cholesterol When You Eat Eggs Every Day - Health: Trusted and Empathetic Health and Wellness Information,https://www.facebook.com/Health/,Health.com,2026-02-28 02:14 PM,https://www.health.com/eggs-cholesterol-blood-pressure-11890202
Cutting Back on Sugary Drinks May Have Mental Health Benefits For Teens - ScienceAlert,The Conversation,ScienceAlert,2026-02-28 02:02 PM,https://www.sciencealert.com/cutting-back-on-sugary-drinks-may-have-mental-health-benefits-for-teens
"The #1 Fruit for Better Blood Sugar, According to Dietitians - EatingWell",https://www.facebook.com/EatingWell/,Eatingwell.com,2026-02-28 02:00 PM,https://www.eatingwell.com/best-fruit-for-better-blood-sugar-11908614
"Yes, You Can Consume Too Much Magnesium — Here's What Happens - Tasting Table",Elizabeth Okosun,Tastingtable.com,2026-02-28 02:00 PM,https://www.tastingtable.com/2107552/signs-youre-eating-too-much-magnesium/
People’s Pharmacy: Is taking diphenhydramine at night for sleep causing my memory problems? - OregonLive.com,People's Pharmacy,OregonLive,2026-02-28 02:00 PM,https://www.oregonlive.com/advice/2026/02/peoples-pharmacy-is-taking-diphenhydramine-at-night-for-sleep-help-causing-my-memory-problems.html
"I Drank Green Tea Every Day for a Week, and This Is What It Did to My Body - Prevention","Lauren Manaker, M.S., R.D.N., L.D.",Prevention.com,2026-02-28 01:34 PM,https://www.prevention.com/food-nutrition/a70447039/what-happens-when-you-drink-green-tea-every-day/
How much exercise is enough? A local doctor says you only need 15 minutes a day - WTOP,Steve Karesh,WTOP,2026-02-28 01:11 PM,https://wtop.com/health-fitness/2026/02/how-much-exercise-is-enough/
"A college student thought she had a UTI. Then came fevers, fatigue and pain: ""Something's not right"" - CBS News",Kerry  Breen,CBS News,2026-02-28 01:00 PM,https://www.cbsnews.com/news/lymphoma-cancer-bone-marrow-cleveland-clinic-eastern-michigan-university/
"7 Foods to Buy Every Week If You Want to Lose Visceral Fat, According to Dietitians - EatingWell",https://www.facebook.com/EatingWell/,Eatingwell.com,2026-02-28 01:00 PM,https://www.eatingwell.com/foods-to-buy-weekly-for-visceral-fat-loss-11909984
Mapped: Adult Obesity Rates Across All 50 U.S. States - Visual Capitalist,Bruno Venditti,Visual Capitalist,2026-02-28 12:48 PM,https://www.visualcapitalist.com/mapped-obesity-rates-highest-in-usa/
Rare Genetic Disease Discovered in Ancient Skeletal Embrace From The Ice Age - ScienceAlert,Jess Cockerill,ScienceAlert,2026-02-28 12:02 PM,https://www.sciencealert.com/rare-genetic-disease-discovered-in-ancient-skeletal-embrace-from-the-ice-age
Why Strawberries Aren't As Sweet Anymore - AOL.com,Marco Sumayao,AOL,2026-02-28 11:16 AM,https://www.aol.com/articles/why-strawberries-arent-sweet-anymore-140300641.html
A woman accidentally gained 20 pounds taking diet advice from influencers. She learned 3 lessons about sustainable weight loss. - Business Insider,Kim Schewitz,Business Insider,2026-02-28 10:21 AM,https://www.businessinsider.com/woman-lost-20lbs-keep-off-9-years-weight-loss-lessons-2026-2
"Why heart attacks are striking gym-goers in their 30s, 40s and 50s - The Times of India",Lata Mishra,The Times of India,2026-02-28 08:55 AM,https://timesofindia.indiatimes.com/toi-plus/health/why-heart-attacks-are-striking-gym-goers-in-their-30s-40s-and-50s/articleshow/128878627.cms
Scientists discover microbe that breaks a fundamental rule of the genetic code - ScienceDaily,,Science Daily,2026-02-28 06:49 AM,https://www.sciencedaily.com/releases/2026/02/260227071920.htm
